Channel,Accuracy,Precision,Recall,F1,AUC,TrainingTime,InferenceTime,Parameters
A-1,0.9285714285714286,0.0,0.0,0.0,0.6834171281429593,9.538151979446411,0.6635076999664307,32396
A-2,0.9232147427693883,0.0,0.0,0.0,0.1810921422257455,7.1109089851379395,0.8146865367889404,32396
A-3,0.9148673658235656,0.0,0.0,0.0,0.32067780677158464,7.492016077041626,0.47115445137023926,32396
A-4,0.9238095238095239,0.0,0.0,0.0,0.2678933268642647,7.282229661941528,0.48190975189208984,32396
A-5,0.935554104071413,0.17903930131004367,0.2751677852348993,0.21693121693121692,0.6828723140770452,1.971855878829956,0.4021916389465332,32396
A-6,0.9699058120836205,0.518348623853211,0.8129496402877698,0.6330532212885154,0.9247856579473015,1.6692454814910889,0.290616512298584,32396
A-7,0.6651037393037159,0.0,0.0,0.0,0.07504294985035848,7.768205642700195,0.5788111686706543,32396
A-8,0.4901510574018127,0.0,0.0,0.0,0.722468434621818,1.8817119598388672,0.5183348655700684,32396
A-9,0.486321094312455,0.0,0.0,0.0,0.7371364653243847,2.09446120262146,0.44037413597106934,32396
B-1,0.9286253776435045,0.0,0.0,0.0,0.6009235335527693,6.421882390975952,0.4739243984222412,32396
C-1,0.7453789279112755,0.09174311926605505,0.021645021645021644,0.03502626970227671,0.7079130231304145,9.41717791557312,0.26619648933410645,57596
C-2,0.796514607893388,0.17346938775510204,0.05105105105105105,0.07888631090487239,0.7826330656985787,2.844224691390991,0.19048571586608887,57596
D-1,0.6626233797122131,1.0,0.12922038060159607,0.22886653982060343,0.9717470988784505,7.773547410964966,0.5665433406829834,32396
D-11,0.928249897694721,0.0,0.0,0.0,0.37521002360682876,6.499791860580444,0.5090410709381104,32396
D-12,0.6955743156817601,1.0,0.13106973347937204,0.2317624273724984,0.9204434124836348,0.6288299560546875,0.49870777130126953,32396
D-13,0.9657543302922121,0.0,0.0,0.0,0.6383956323715361,3.9623031616210938,0.4599626064300537,32396
D-14,0.8522772277227723,0.6771653543307087,0.20574162679425836,0.3155963302752294,0.6841389944205122,18.96210241317749,0.28727102279663086,57596
D-15,0.6336248785228377,0.02912621359223301,0.0045662100456621,0.007894736842105263,0.6904591958125149,8.722992420196533,0.17369842529296875,57596
D-16,0.6642754662840746,0.7238095238095238,0.10146862483311081,0.17798594847775176,0.5997370562637914,5.929830074310303,0.17937254905700684,57596
D-2,0.47004120070629785,0.23294117647058823,0.023157894736842106,0.04212765957446808,0.6138537180233364,9.832226991653442,1.2756435871124268,32396
D-3,0.6455503512880562,0.9063231850117096,0.11470065204505038,0.20363062352012629,0.9725141886866409,8.828295707702637,0.8931190967559814,32396
D-4,0.6622477009435089,1.0,0.1290421927933477,0.22858701582105836,0.99276200931476,8.61746621131897,0.5861473083496094,32396
D-5,0.9386291179596175,0.08488063660477453,0.21476510067114093,0.12167300380228137,0.22352022017861317,6.566603660583496,0.4266078472137451,32396
D-6,0.9269013360739979,0.0,0.0,0.0,0.6008756368017218,6.586909294128418,0.5674445629119873,32396
D-7,0.6172102890479979,0.25396825396825395,0.03554239170677527,0.06235790841182202,0.5867413440101636,6.482572317123413,0.4050617218017578,32396
D-8,0.9372266529457165,0.06201550387596899,0.1610738255033557,0.08955223880597014,0.7957918362856199,6.609688997268677,0.39528989791870117,32396
D-9,0.7924993156309882,0.0,0.0,0.0,0.8500732995937028,6.33346152305603,0.386455774307251,32396
E-1,0.8663260456273765,0.0,0.0,0.0,0.32030264596496605,7.212220668792725,0.44788289070129395,32396
E-10,0.8882807852468768,0.0,0.0,0.0,0.4790513493442364,7.1545000076293945,0.4587981700897217,32396
E-11,0.8916092227240314,0.0,0.0,0.0,0.4847451013355893,7.210591077804565,0.43666863441467285,32396
E-12,0.8573466476462197,0.0,0.0,0.0,0.23824134009024728,7.142669916152954,0.42823052406311035,32396
E-13,0.8874707259953162,0.02810304449648712,0.021505376344086023,0.024365482233502538,0.42588611113356306,7.1938512325286865,0.44089293479919434,32396
E-2,0.7725332068311196,0.0,0.0,0.0,0.22517206591664662,7.215412139892578,0.4278290271759033,32396
E-3,0.580967466796637,0.22384428223844283,0.028642590286425903,0.05078664090532708,0.13021651788775077,7.184427499771118,0.4473893642425537,32396
E-4,0.6224860673612794,0.24213075060532688,0.03444712366517396,0.06031363088057901,0.0832126246294166,7.2061707973480225,0.4535369873046875,32396
E-5,0.9198193800341713,0.2097560975609756,0.2052505966587112,0.2074788902291918,0.37540047118771536,7.097868204116821,0.44864940643310547,32396
E-6,0.9570731707317073,0.2707317073170732,0.676829268292683,0.3867595818815331,0.7174562790612973,7.194678544998169,0.416149377822876,32396
E-7,0.9712545676004872,0.6739659367396593,0.7308707124010554,0.7012658227848101,0.8664606433601117,6.919775485992432,0.44040656089782715,32396
E-8,0.864444971537002,0.0,0.0,0.0,0.5029325687262338,7.803210496902466,0.4667201042175293,32396
E-9,0.9173372348207754,0.22141119221411193,0.2026726057906459,0.2116279069767442,0.4912121092862393,7.134443998336792,0.45273923873901367,32396
F-1,0.9264497878359265,0.0,0.0,0.0,0.41383471370127645,7.098322629928589,0.46216869354248047,32396
F-2,0.6100164203612479,0.06791569086651054,0.009810554803788904,0.017144546260715342,0.7943766808463083,7.084192752838135,0.44399070739746094,32396
F-3,0.9573465442242629,0.24154589371980675,0.7194244604316546,0.3616636528028933,0.8987164944215208,7.244252681732178,0.44812965393066406,32396
F-4,0.9446116797110174,0.4550898203592814,0.44970414201183434,0.4523809523809524,0.8088999487667423,9.368618249893188,0.28793764114379883,57596
F-5,0.935374149659864,0.5052083333333334,0.3895582329317269,0.4399092970521542,0.8417886491389572,11.0858314037323,0.42248082160949707,57596
F-7,0.8161081953976584,0.10887096774193548,0.03765690376569038,0.05595854922279793,0.32336338341021137,11.365142583847046,0.6133682727813721,57596
F-8,0.7846669459572685,0.5916666666666667,0.13246268656716417,0.21646341463414634,0.721392026899538,16.66500759124756,0.5214967727661133,57596
G-1,0.9237662803202294,0.0,0.0,0.0,0.13514637084348827,10.654899835586548,0.8700642585754395,32396
G-2,0.9308635174218427,0.0,0.0,0.0,0.6381462647910315,6.880258083343506,0.5689480304718018,32396
G-3,0.9308313052388881,0.0,0.0,0.0,0.6372605039954709,6.691730976104736,0.4582202434539795,32396
G-4,0.9596388741370154,0.26790450928381965,0.7829457364341085,0.39920948616600793,0.8685479488202457,6.288913249969482,0.5572810173034668,32396
G-6,0.9266978922716628,0.0,0.0,0.0,0.8971412632036818,7.438516139984131,0.48331665992736816,32396
G-7,0.9791903140370791,1.0,0.7064056939501779,0.8279457768508863,0.8834971236064261,6.239905834197998,0.4420773983001709,32396
M-1,0.45016077170418006,0.3577981651376147,0.03344768439108062,0.0611764705882353,0.49126843147334726,8.562650918960571,0.25385308265686035,57596
M-2,0.5135507579237483,0.9908256880733946,0.09262435677530018,0.16941176470588235,0.8189342617146211,8.23646855354309,0.17488431930541992,57596
M-3,0.8238776517020227,0.46078431372549017,0.1346704871060172,0.20842572062084258,0.5954984614649039,7.391774654388428,0.18685460090637207,57596
M-4,0.7801857585139319,0.10309278350515463,0.02865329512893983,0.04484304932735426,0.4430747924935219,7.951127052307129,0.18709635734558105,57596
M-5,0.7684975034044484,0.0,0.0,0.0,0.7006651884700665,7.454995393753052,0.1855020523071289,57596
M-6,0.9486916367367881,1.0,0.494949494949495,0.6621621621621622,0.9870405944078131,5.3735270500183105,0.16416120529174805,57596
M-7,0.953307392996109,1.0,0.5175879396984925,0.6821192052980133,0.8634150829538105,5.553895473480225,0.17989397048950195,57596
P-1,0.8417608566329565,0.16152019002375298,0.06507177033492823,0.0927694406548431,0.36682559288537553,7.91112494468689,0.5806393623352051,32396
P-10,0.9258333333333333,0.14,0.18340611353711792,0.15879017013232513,0.8206648360005115,26.104883670806885,1.1862859725952148,57596
P-11,0.8387190684133916,0.12209302325581395,0.049528301886792456,0.07046979865771812,0.6872129236823471,17.041396856307983,0.416961669921875,57596
P-14,0.9248333333333333,0.21333333333333335,0.22939068100358423,0.22107081174438686,0.7654982993548889,13.242216110229492,1.8196070194244385,57596
P-15,0.9067489114658926,0.0,0.0,0.0,0.5084272616896588,17.336000204086304,0.4302530288696289,57596
P-2,0.8867924528301887,1.0,0.3066465256797583,0.46936416184971097,0.9227130443687981,9.6925790309906,0.6160576343536377,32396
P-3,0.7791016323126415,0.0,0.0,0.0,0.31282949765742885,8.223158359527588,0.5800645351409912,32396
P-4,0.853963295587661,0.0,0.0,0.0,0.7054399298953236,7.308314800262451,0.3965482711791992,32396
P-7,0.7305231464057207,0.0,0.0,0.0,0.8182195860094734,7.734863758087158,0.4642612934112549,32396
R-1,0.9248320268756999,0.0,0.0,0.0,0.7317753973378465,7.272051572799683,0.3498954772949219,32396
S-1,0.8753975936938183,0.008310249307479225,0.005494505494505495,0.006615214994487321,0.31966131599639447,7.635657072067261,0.3784191608428955,32396
S-2,0.8865083960625362,0.0,0.0,0.0,0.585256461142423,3.748213291168213,0.4750213623046875,57596
T-1,0.7464755639097744,0.0,0.0,0.0,0.8028488132464047,8.183306694030762,0.6943652629852295,32396
T-12,0.9047210300429185,0.48717948717948717,0.2602739726027397,0.3392857142857143,0.8037849144187114,4.381529331207275,0.23610258102416992,57596
T-13,0.8579399141630901,1.0,0.2611607142857143,0.41415929203539825,0.7067566798238956,4.389733076095581,0.32126522064208984,57596
T-2,0.74158357771261,0.00936768149882904,0.002242152466367713,0.003618272274988693,0.8147330471520572,7.313120365142822,0.473966121673584,32396
T-3,0.9523528718009199,0.4716981132075472,0.5263157894736842,0.4975124378109453,0.6832406209993436,7.379715442657471,0.5457994937896729,32396
T-4,0.8710439300897497,0.0,0.0,0.0,0.4805066789497927,8.68197751045227,0.1784074306488037,57596
T-5,0.8914069877242682,0.0,0.0,0.0,0.4083945384540719,8.017554759979248,0.1653282642364502,57596
T-8,0.7892882311486963,0.49295774647887325,0.1174496644295302,0.1897018970189702,0.7226230175598248,2.4394969940185547,0.1162419319152832,57596
T-9,0.7600401606425703,1.0,0.17301038062283736,0.2949852507374631,0.9612721034832105,1.405381202697754,0.08122849464416504,57596
